va,lib,name
00850380,libjpeg,_jpeg_suppress_tables
008503f0,libjpeg,_jpeg_finish_compress
00850510,libjpeg,_jpeg_write_marker
00850570,libjpeg,_jpeg_start_compress
008505f0,libjpeg,_jpeg_write_scanlines
008506b0,libjpeg,_compress_data
00850930,libjpeg,_compress_output
00850b30,libjpeg,_compress_first_pass
00850d40,libjpeg,_start_pass_coef
00850e30,libjpeg,_jinit_c_coef_controller
00850f30,libjpeg,_rgb_ycc_start
00851010,libjpeg,_rgb_ycc_convert
00851120,libjpeg,_rgb_gray_convert
008511d0,libjpeg,_cmyk_ycck_convert
00851320,libjpeg,_grayscale_convert
00851380,libjpeg,_null_convert
00851400,libjpeg,_jinit_color_converter
00851910,libjpeg,_forward_DCT
00852260,libjpeg,_jinit_forward_dct
00852400,libjpeg,_emit_bits
00852640,libjpeg,_emit_restart
00852700,libjpeg,_encode_mcu_huff
00852860,libjpeg,_finish_pass_huff
008529d0,libjpeg,_encode_mcu_gather
00852cf0,libjpeg,_finish_pass_gather
00852df0,libjpeg,_start_pass_huff
00852f90,libjpeg,_jinit_huff_encoder
00852ff0,libjpeg,_jinit_compress_master
008530b0,libjpeg,_process_data_simple_main
00853160,libjpeg,_start_pass_main
008531b0,libjpeg,_jinit_c_main_controller
00853240,libjpeg,_emit_marker
00853270,libjpeg,_emit_byte
008532b0,libjpeg,_emit_2bytes
00853750,libjpeg,_emit_sof
008538c0,libjpeg,_emit_sos
00853a80,libjpeg,_emit_jfif_app0
00853dc0,libjpeg,_emit_adobe_app14
00853f20,libjpeg,_write_any_marker
00853fe0,libjpeg,_write_frame_header
008540c0,libjpeg,_write_scan_header
00854190,libjpeg,_write_file_trailer
008541b0,libjpeg,_write_tables_only
00854290,libjpeg,_jinit_marker_writer
00854300,libjpeg,_initial_setup
008544e0,libjpeg,_validate_script
008548a0,libjpeg,_select_scan_parameters
00854990,libjpeg,_per_scan_setup
00854b60,libjpeg,_prepare_for_pass
00854d10,libjpeg,_pass_startup
00854d40,libjpeg,_finish_pass_master
00854db0,libjpeg,_jinit_c_master_control
00854e70,libjpeg,_jpeg_abort
00854ea0,libjpeg,_jpeg_destroy
00854ed0,libjpeg,_jpeg_alloc_quant_table
00854f00,libjpeg,_jpeg_alloc_huff_table
00854f30,libjpeg,_jpeg_add_quant_table
008550e0,libjpeg,_jpeg_set_quality
00855490,libjpeg,_jpeg_set_colorspace
00855770,libjpeg,_jpeg_default_colorspace
00855a30,libjpeg,_jpeg_set_defaults
00855b40,libjpeg,_dump_buffer
00855b80,libjpeg,_emit_bits
00855cc0,libjpeg,_emit_buffered_bits
00855cf0,libjpeg,_emit_eobrun
00855d70,libjpeg,_emit_restart
00855e00,libjpeg,_encode_mcu_DC_first
00856120,libjpeg,_encode_mcu_DC_refine
00856450,libjpeg,_finish_pass_phuff
008564a0,libjpeg,_finish_pass_gather_phuff
00856580,libjpeg,_start_pass_phuff
00856750,libjpeg,_jinit_phuff_encoder
00856790,libjpeg,_start_pass_prep
008567e0,libjpeg,_pre_process_data
008569e0,libjpeg,_pre_process_context
00856bd0,libjpeg,_create_context_buffer
00856cf0,libjpeg,_jinit_c_prep_controller
00856da0,libjpeg,_expand_right_edge
00856df0,libjpeg,_sep_downsample
00856e80,libjpeg,_int_downsample
00856ff0,libjpeg,_fullsize_downsample
00857040,libjpeg,_h2v1_downsample
008570e0,libjpeg,_h2v2_downsample
008571b0,libjpeg,_h2v2_smooth_downsample
00857430,libjpeg,_fullsize_smooth_downsample
008575b0,libjpeg,_jinit_downsampler
00857880,libjpeg,_default_decompress_parms
00857ef0,libjpeg,_init_destination
00857fb0,libjpeg,_jpeg_stdio_dest
00857ff0,libjpeg,_init_source
00858080,libjpeg,_skip_input_data
008580c0,libjpeg,_jpeg_stdio_src
008592c0,libjpeg,_null_convert
00859350,libjpeg,_grayscale_convert
00859bb0,libjpeg,_jpeg_fill_bit_buffer
00859cc0,libjpeg,_jpeg_huff_decode
0085bb90,libjpeg,_get_dac
0085c230,libjpeg,_get_dri
0085ea90,libjpeg,_fullsize_upsample
0085eaa0,libjpeg,_noop_upsample
0085f040,libjpeg,_error_exit
0085f080,libjpeg,_emit_message
0085f0c0,libjpeg,_format_message
0085f170,libjpeg,_reset_error_mgr
0085f190,libjpeg,_jpeg_std_error
00860a60,libjpeg,_jpeg_fdct_ifast
00861130,libjpeg,_jpeg_fdct_islow
00862d60,libjpeg,_jpeg_free_small
00862d70,libjpeg,_jpeg_get_small
00862ef0,libjpeg,_alloc_small
00863040,libjpeg,_alloc_large
00863100,libjpeg,_alloc_sarray
008631b0,libjpeg,_alloc_barray
00863260,libjpeg,_request_virt_sarray
008632d0,libjpeg,_request_virt_barray
00863340,libjpeg,_realize_virt_arrays
008634e0,libjpeg,_do_sarray_io
00863580,libjpeg,_do_barray_io
00863620,libjpeg,_access_virt_sarray
00863770,libjpeg,_access_virt_barray
008638c0,libjpeg,_free_pool
008639b0,libjpeg,_self_destruct
008639f0,libjpeg,_jinit_memory_mgr
00864930,libjpeg,_select_ncolors
00865430,libjpeg,_new_color_map_1_quant
00865950,libjpeg,_median_cut
00865c50,libjpeg,_select_colors
00865ce0,libjpeg,_find_nearby_colors
00865ec0,libjpeg,_find_best_colors
00866850,libjpeg,_jdiv_round_up
00866860,libjpeg,_jround_up
00866880,libjpeg,_jcopy_sample_rows
008668d0,libjpeg,_jcopy_block_row
008668f0,libjpeg,_jzero_far
00866910,zlib,_adler32
00866e60,zlib,_crc32
00866e6f,openssl,_asn1_Finish
00866e80,zlib,_putShortMSB
00866eb0,zlib,_flush_pending
008676e0,zlib,_deflateEnd
00867840,zlib,_longest_match
008679a0,zlib,_longest_match_fast
00867a40,zlib,_fill_window
00867b90,zlib,_deflate_stored
00868550,zlib,_deflateReset
00868800,zlib,_inflate_fast
00868c60,zlib,_inflateReset
00868cc0,zlib,_inflateInit2_
00868d90,zlib,_inflateInit_
00868db0,zlib,_updatewindow
00868e90,zlib,_inflate
0086a3a0,zlib,_inflateEnd
0086a9b0,libpng,_png_check_sig
0086a9d0,libpng,_png_zalloc
0086aa30,libpng,_png_reset_crc
0086aa50,libpng,_png_calculate_crc
0086aaa0,libpng,_png_free_data
0086ae50,libpng,_png_info_destroy
0086aeb0,libpng,_png_get_io_ptr
0086aed0,libpng,_png_handle_as_unknown
0086af20,libpng,_png_create_info_struct
0086af60,libpng,_png_format_buffer
0086b230,libpng,_png_set_error_fn
0086b400,libpng,_png_get_x_pixels_per_meter
0086b430,libpng,_png_get_text
0086b480,libpng,_png_get_tRNS
0086bd40,libpng,_png_read_update_info
0086c240,libpng,_png_read_image
0086c2b0,libpng,_png_read_destroy
0086c540,libpng,_png_destroy_read_struct
0086c610,libpng,_png_write_info_before_PLTE
0086c7f0,libpng,_png_write_info
0086cad0,libpng,_png_write_end
0086cc40,libpng,_png_write_row
0086ce90,libpng,_png_write_flush
0086cf70,libpng,_png_write_destroy
0086d090,libpng,_png_set_filter_heuristics
0086d580,libpng,_png_write_image
0086d5e0,libpng,_png_destroy_write_struct
0086d760,libpng,_png_memcpy_check
0086d780,libpng,_png_memset_check
0086d7a0,libpng,_png_set_mem_fn
0086d7f0,libpng,_png_malloc
0086d850,libpng,_png_free
0086d880,libpng,_png_malloc_warn
0086d8b0,libpng,_png_read_data
0086d910,libpng,_png_set_read_fn
0086d970,libpng,_png_set_strip_16
0086d980,libpng,_png_set_gray_to_rgb
0086d990,libpng,_png_read_transform_info
0086db50,libpng,_png_do_unpack
0086dc90,libpng,_png_do_unshift
0086de70,libpng,_png_do_chop
0086dec0,libpng,_png_do_read_swap_alpha
0086dff0,libpng,_png_do_read_invert_alpha
0086e0b0,libpng,_png_do_read_filler
0086e350,libpng,_png_do_gray_to_rgb
0086e4d0,libpng,_png_do_rgb_to_gray
0086ec20,libpng,_png_do_background
0086fcc0,libpng,_png_do_gamma
008700c0,libpng,_png_do_expand_palette
008702e0,libpng,_png_do_expand
008706f0,libpng,_png_do_dither
00870f30,libpng,_png_do_read_intrapixel
008721e0,libpng,_png_get_uint_32
00872210,libpng,_png_crc_read
00872240,libpng,_png_crc_error
00872620,libpng,_png_check_chunk_name
00872680,libpng,_png_combine_row
00872dc0,libpng,_png_read_filter_row
00872f90,libpng,_png_read_start_row
00873280,libpng,_png_get_uint_31
008732d0,libpng,_png_crc_finish
00873560,libpng,_png_handle_PLTE
00873700,libpng,_png_handle_IEND
008738e0,libpng,_png_handle_sBIT
00873f70,libpng,_png_handle_sRGB
00874180,libpng,_png_handle_iCCP
00874340,libpng,_png_handle_sPLT
00874e40,libpng,_png_handle_pCAL
00875100,libpng,_png_handle_sCAL
008753c0,libpng,_png_handle_tEXt
008754e0,libpng,_png_handle_zTXt
00875b10,libpng,_png_set_bKGD
00875b40,libpng,_png_set_cHRM
00876040,libpng,_png_set_gAMA
00876140,libpng,_png_set_hIST
00876200,libpng,_png_set_IHDR
00876430,libpng,_png_set_oFFs
00876460,libpng,_png_set_pCAL
00876600,libpng,_png_set_sCAL
00876640,libpng,_png_set_pHYs
00876670,libpng,_png_set_PLTE
00876730,libpng,_png_set_sBIT
00876760,libpng,_png_set_sRGB_gAMA_and_cHRM
00876840,libpng,_png_set_iCCP
00876930,libpng,_png_set_text_2
00876b00,libpng,_png_set_tIME
00876b30,libpng,_png_set_tRNS
00876bd0,libpng,_png_set_sPLT
00876d60,libpng,_png_set_unknown_chunks
00876e90,libpng,_png_set_packing
00876eb0,libpng,_png_set_interlace_handling
00876ee0,libpng,_png_do_invert
00876f70,libpng,_png_do_swap
00876fb0,libpng,_png_do_packswap
00877000,libpng,_png_do_strip_filler
00877250,libpng,_png_do_bgr
00877330,libpng,_png_write_data
00877390,libpng,_png_flush
008773b0,libpng,_png_default_flush
008773d0,libpng,_png_set_write_fn
00877440,libpng,_png_do_pack
00877570,libpng,_png_do_shift
00877810,libpng,_png_do_write_swap_alpha
00877930,libpng,_png_do_write_invert_alpha
008779e0,libpng,_png_do_write_intrapixel
00877ac0,libpng,_png_do_write_transformations
00877c20,libpng,_png_save_uint_32
00877c50,libpng,_png_write_chunk_start
00877cb0,libpng,_png_write_chunk_data
00877cf0,libpng,_png_write_chunk_end
00878020,libpng,_png_write_compressed_data_out
008789c0,libpng,_png_write_start_row
00878b50,libpng,_png_do_write_interlace
00878e00,libpng,_png_write_chunk
0087a380,libpng,_png_write_finish_row
0087a5f0,libpng,_png_write_filtered_row
0087a6d0,libpng,_png_write_find_filter
0087b200,zlib,_init_block
0087b280,zlib,_pqdownheap
0087b350,zlib,_gen_bitlen
0087b570,zlib,_scan_tree
0087b650,zlib,_send_tree
0087bb60,zlib,_send_all_trees
0087c1c0,zlib,_set_data_type
0087c290,zlib,_bi_flush
0087c310,zlib,_bi_windup
0087c370,zlib,_copy_block
0087c400,zlib,__tr_init
0087c4f0,zlib,_build_tree
0087c7c0,zlib,__tr_stored_block
0087c860,zlib,__tr_align
0087ca50,zlib,__tr_flush_block
0087cc60,zlib,_zcalloc
00903390,openssl,_SSL_CTX_set_cert_verify_callback
009033b0,openssl,_SSL_CTX_set_default_passwd_cb_userdata
009033c0,openssl,_SSL_CTX_set_cookie_generate_cb
00a4f610,openssl,_OCSP_ONEREQ_get_ext_count
00a617b0,openssl,_ENGINE_get_destroy_function
00fd6bf0,openssl,_int_unregister_cb_LHASH_DOALL_ARG
0116bec0,openssl,_ENGINE_get_digests
011765f0,openssl,_EVP_CIPHER_CTX_init
01176610,openssl,_EVP_EncryptUpdate
01176770,openssl,_EVP_EncryptFinal_ex
01176820,openssl,_EVP_DecryptUpdate
01176910,openssl,_EVP_DecryptFinal_ex
01176a20,openssl,_EVP_CIPHER_CTX_cleanup
01176a90,openssl,_EVP_CIPHER_CTX_ctrl
01176b00,openssl,_EVP_CipherInit_ex
01176d50,openssl,_EVP_EncryptInit_ex
01176d80,openssl,_EVP_DecryptInit_ex
01176db0,openssl,_EVP_CIPHER_CTX_set_key_length
01176e30,openssl,_rc4_init_key
01176e60,openssl,_rc4_cipher
01176e90,openssl,_BIO_set
01176f10,openssl,_BIO_free
01176f90,openssl,_BIO_clear_flags
01176fa0,openssl,_BIO_test_flags
01176fb0,openssl,_BIO_set_flags
01176fc0,openssl,_BIO_read
01177070,openssl,_BIO_write
01177120,openssl,_BIO_puts
011771c0,openssl,_BIO_gets
01177260,openssl,_BIO_ctrl
011772f0,openssl,_BIO_callback_ctrl
01177380,openssl,_BIO_push
011773d0,openssl,_BIO_pop
01177420,openssl,_BIO_free_all
01177450,openssl,_BIO_copy_next_retry
01177470,openssl,_BIO_new
011774c0,openssl,_BIO_int_ctrl
01177500,openssl,_BIO_new_mem_buf
01177570,openssl,_mem_new
011775a0,openssl,_mem_free
011775f0,openssl,_mem_read
01177680,openssl,_mem_write
01177710,openssl,_mem_ctrl
011778c0,openssl,_mem_gets
01177940,openssl,_mem_puts
01177980,openssl,_b64_new
011779d0,openssl,_b64_free
01177a10,openssl,_b64_read
01177dd0,openssl,_b64_write
01177fd0,openssl,_b64_ctrl
011781f0,openssl,_buffer_callback_ctrl
01178210,openssl,_aes_128_ofb_cipher
01178280,openssl,_aes_128_cfb128_cipher
01178300,openssl,_aes_128_cbc_cipher
01178330,openssl,_aes_128_ecb_cipher
011783f0,openssl,_aes_128_cfb1_cipher
01178440,openssl,_aes_128_cfb8_cipher
011784b0,openssl,_aes_init_key
01178530,openssl,_RAND_seed
01178580,openssl,_RAND_add
011785f0,openssl,_RAND_bytes
01178650,openssl,_RAND_pseudo_bytes
011786b0,openssl,_RAND_status
01178c40,openssl,_AES_set_decrypt_key
01178e90,openssl,_AES_encrypt
01179450,openssl,_AES_decrypt
011799f0,openssl,_RSA_new_method
01179b40,openssl,_RSA_free
01179c60,openssl,_RSA_up_ref
01179c90,openssl,_RSA_size
01179cb0,openssl,_RSA_public_encrypt
01179cc0,openssl,_RSA_private_encrypt
01179cd0,openssl,_RSA_private_decrypt
01179ce0,openssl,_RSA_public_decrypt
01179cf0,openssl,_RSA_flags
01179d00,openssl,_rsa_get_public_exp
01179dd0,openssl,_RSA_setup_blinding
01179f60,openssl,_RSA_sign
0117a150,openssl,_RSA_verify
0117a3c0,openssl,_BN_bn2dec
0117a590,openssl,_BN_hex2bn
0117a720,openssl,_BN_dec2bn
0117a890,openssl,_BN_num_bits_word
0117a8e0,openssl,_BN_num_bits
0117a910,openssl,_BN_clear_free
0117a970,openssl,_BN_free
0117a9b0,openssl,_BN_init
0117a9d0,openssl,_BN_new
0117aa10,openssl,_bn_expand_internal
0117ab00,openssl,_bn_expand2
0117ab40,openssl,_BN_copy
0117abf0,openssl,_BN_clear
0117ac20,openssl,_BN_set_word
0117ac80,openssl,_BN_bin2bn
0117ada0,openssl,_BN_bn2bin
0117ae20,openssl,_BN_ucmp
0117ae70,openssl,_BN_cmp
0117af10,openssl,_BN_set_bit
0117afa0,openssl,_BN_is_bit_set
0117afe0,openssl,_BN_set_negative
0117b010,openssl,_bn_cmp_words
0117b060,openssl,_bn_cmp_part_words
0117b100,openssl,_BN_dup
0117b180,openssl,_SHA1
0117b1e0,openssl,_PEM_read_bio_X509_CRL
0117b210,openssl,_PEM_read_bio_DHparams
0117b260,openssl,_SSL_has_matching_session_id
0117b350,openssl,_SSL_set_bio
0117b3c0,openssl,_SSL_get_peer_certificate
0117b400,openssl,_SSL_get_default_timeout
0117b410,openssl,_SSL_read
0117b460,openssl,_SSL_peek
0117b4a0,openssl,_SSL_write
0117b500,openssl,_SSL_CTX_ctrl
0117b5f3,openssl,_X509_STORE_CTX_get0_policy_tree
0117b6d0,openssl,_ssl_cipher_id_cmp
0117b6f0,openssl,_ssl_cipher_ptr_id_cmp
0117b720,openssl,_SSL_get_ciphers
0117b750,openssl,_ssl_get_ciphers_by_id
0117b780,openssl,_SSL_CTX_set_cipher_list
0117b7d0,openssl,_ssl_cipher_list_to_bytes
0117b840,openssl,_ssl_bytes_to_cipher_list
0117b930,openssl,_SSL_SESSION_cmp
0117b9d0,openssl,_SSL_SESSION_hash
0117ba10,openssl,_SSL_CTX_free
0117bb10,openssl,_SSL_CTX_set_verify
0117bb30,openssl,_SSL_CTX_set_purpose
0117bb50,openssl,_ssl_set_cert_masks
0117beb0,openssl,_check_srvr_ecc_cert_and_alg
0117bf80,openssl,_ssl_get_server_send_cert
0117c040,openssl,_ssl_get_sign_pkey
0117c0a0,openssl,_ssl_update_cache
0117c190,openssl,_SSL_set_ssl_method
0117c200,openssl,_ssl_undefined_function
0117c220,openssl,_ssl_undefined_void_function
0117c240,openssl,_ssl_undefined_const_function
0117c260,openssl,_ssl_bad_method
0117c280,openssl,_ssl_clear_cipher_ctx
0117c300,openssl,_ssl_init_wbio_buffer
0117c3b0,openssl,_ssl_free_wbio_buffer
0117c3f0,openssl,_SSL_CTX_load_verify_locations
0117c410,openssl,_SSL_get_verify_result
0117c420,openssl,_SSL_CTX_set_tmp_dh_callback
0117c440,openssl,_SSL_clear
0117c560,openssl,_SSL_new
0117c790,openssl,_SSL_free
0117c8f0,openssl,_SSL_shutdown
0117c940,openssl,_SSL_ctrl
0117ca60,openssl,_SSL_CTX_new
0117ccd0,openssl,_SSL_get_error
0117cdf0,openssl,_SSL_accept
0117ce30,openssl,_SSL_connect
0117ce70,openssl,_x509_cb
0117cf40,openssl,_d2i_X509
0117cf60,openssl,_i2d_X509
0117cf90,openssl,_X509_free
0117cfb0,openssl,_d2i_X509_AUX
0117d010,openssl,_X509_NAME_entry_count
0117d030,openssl,_X509_NAME_get_index_by_OBJ
0117d090,openssl,_X509_NAME_get_entry
0117d0d0,openssl,_X509_NAME_delete_entry
0117d180,openssl,_X509_NAME_add_entry
0117d2a0,openssl,_X509_NAME_ENTRY_set_data
0117d360,openssl,_UI_get0_output_string
0117d370,openssl,_X509_NAME_get_text_by_OBJ
0117d3f0,openssl,_X509_NAME_get_index_by_NID
0117d410,openssl,_X509_NAME_ENTRY_create_by_OBJ
0117d4b0,openssl,_X509_NAME_get_text_by_NID
0117d4d0,openssl,_X509_NAME_ENTRY_create_by_txt
0117d540,openssl,_X509_NAME_add_entry_by_txt
0117d590,openssl,_EVP_CIPHER_CTX_iv_length
0117d5a0,openssl,_X509_get_subject_name
0117d5b0,openssl,_BIO_method_name
0117d5c0,openssl,_X509_cmp
0117d640,openssl,_nocase_cmp
0117d6a0,openssl,_nocase_spacenorm_cmp
0117d800,openssl,_asn1_string_memcmp
0117d880,openssl,_X509_NAME_cmp
0117d9e0,openssl,_X509_NAME_hash
0117da60,openssl,_X509_get_pubkey
0117da80,openssl,_X509_check_private_key
0117db30,openssl,_X509_subject_name_cmp
0117db50,openssl,_X509_CRL_cmp
0117db70,openssl,_sk_set_cmp_func
0117db90,openssl,_sk_new
0117dc00,openssl,_sk_insert
0117dcb0,openssl,_sk_delete
0117dd00,openssl,_sk_push
0117dd20,openssl,_sk_shift
0117dd60,openssl,_sk_pop
0117dd80,openssl,_sk_zero
0117ddb0,openssl,_sk_free
0117dde0,openssl,_sk_num
0117ddf0,openssl,_sk_value
0117de10,openssl,_sk_set
0117de40,openssl,_sk_sort
0117de70,openssl,_sk_is_sorted
0117de90,openssl,_sk_dup
0117df30,openssl,_sk_delete_ptr
0117df90,openssl,_internal_find
0117e010,openssl,_sk_find
0117e030,openssl,_sk_pop_free
0117e080,openssl,_ASN1_tag2bit
0117e0a0,openssl,_asn1_ex_c2i
0117e310,openssl,_asn1_check_eoc
0117e340,openssl,_asn1_check_tlen
0117e4e0,openssl,_asn1_template_ex_d2i
0117e620,openssl,_asn1_find_end
0117e730,openssl,_asn1_collect
0117e920,openssl,_asn1_d2i_ex_primitive
0117ec00,openssl,_ASN1_item_ex_d2i
0117f530,openssl,_ASN1_item_d2i
0117f580,openssl,_X509V3_EXT_get_nid
0117f5f0,openssl,_X509V3_EXT_get
0117f680,openssl,_X509V3_get_d2i
0117f8f0,openssl,_obj_cmp
0117f980,openssl,_OBJ_bsearch_ex
0117fa30,openssl,_OBJ_bsearch
0117fa60,openssl,_OBJ_obj2nid
0117fb10,openssl,_OBJ_obj2txt
0117fe40,openssl,_OBJ_ln2nid
0117ff10,openssl,_OBJ_sn2nid
0117ffe0,openssl,_OBJ_txt2obj
011800b0,openssl,_X509at_get_attr_count
011800d0,openssl,_X509at_get_attr_by_OBJ
01180130,openssl,_X509at_get_attr
01180160,openssl,_UI_get_string_type
01180170,openssl,_X509_EXTENSION_get_critical
01180190,openssl,_X509at_get_attr_by_NID
011801f0,openssl,_X509_get_ext
01180230,openssl,_int_err_del
01180280,openssl,_int_err_get_item
01180320,openssl,_int_err_set_item
011803c0,openssl,_int_err_del_item
01180460,openssl,_int_thread_release
011804a0,openssl,_int_thread_get_item
01180560,openssl,_int_thread_set_item
01180620,openssl,_int_err_get_next_lib
01180660,openssl,_ERR_STATE_free
011806b0,openssl,_ERR_lib_error_string
01180730,openssl,_ERR_func_error_string
011807c0,openssl,_ERR_reason_error_string
01180870,openssl,_err_hash
011808b0,openssl,_table_cmp
011808c0,openssl,_pid_hash
011808d0,openssl,_ERR_get_state
011809e0,openssl,_ERR_set_error_data
01180a70,openssl,_ERR_add_error_data
01180b40,openssl,_int_err_get
01180bc0,openssl,_int_thread_get
01180c50,openssl,_int_thread_del_item
01180d50,openssl,_ERR_put_error
01180e40,openssl,_ERR_clear_error
01180eb0,openssl,_ERR_error_string_n
01181010,openssl,_ERR_get_error_line_data
01181100,openssl,_ERR_peek_error
01181130,openssl,_ERR_peek_last_error
01181160,openssl,_CRYPTO_destroy_dynlockid
01181230,openssl,_CRYPTO_get_dynlock_value
011812c0,openssl,_CRYPTO_set_dynlock_lock_callback
011812d0,openssl,_CRYPTO_set_dynlock_destroy_callback
011812e0,openssl,_CRYPTO_set_locking_callback
011812f0,openssl,_CRYPTO_set_id_callback
01181300,openssl,_CRYPTO_thread_id
01181320,openssl,_OPENSSL_isservice
011813f0,openssl,_OPENSSL_showfatal
01181510,openssl,_OpenSSLDie
01181540,openssl,_CRYPTO_lock
011815d0,openssl,_CRYPTO_add_lock
01181620,openssl,_SSL_get1_session
01181660,openssl,_SSL_SESSION_new
01181700,openssl,_def_generate_session_id
01181750,openssl,_SSL_SESSION_free
01181810,openssl,_SSL_set_session
01181930,openssl,_SSL_SESSION_list_remove
011819c0,openssl,_SSL_SESSION_list_add
01181a10,openssl,_ssl_get_new_session
01181be0,openssl,_remove_session_lock
01181c90,openssl,_timeout
01181cf0,openssl,_timeout_LHASH_DOALL_ARG
01181d00,openssl,_SSL_CTX_flush_sessions
01181d80,openssl,_SSL_CTX_add_session
01181ed0,openssl,_SSL_CTX_remove_session
01181ef0,openssl,_ssl_clear_bad_session
01181f50,openssl,_ssl_get_prev_session
01182240,openssl,_ssl23_get_client_method
01182260,openssl,_ssl23_client_hello
01182670,openssl,_ssl23_get_server_hello
01182870,openssl,_ssl23_connect
01182ac0,openssl,_ssl23_get_server_method
01182ae0,openssl,_ssl23_get_client_hello
01183000,openssl,_ssl23_accept
011831f0,openssl,_SSL_library_init
01183320,openssl,_default_malloc_ex
01183330,openssl,_default_realloc_ex
01183350,openssl,_default_malloc_locked_ex
01183360,openssl,_CRYPTO_set_mem_functions
011833d0,openssl,_CRYPTO_free_locked
01183410,openssl,_CRYPTO_malloc
01183490,openssl,_CRYPTO_realloc
01183510,openssl,_CRYPTO_realloc_clean
011835c0,openssl,_CRYPTO_free
01183600,openssl,_engine_unlocked_init
01183630,openssl,_engine_unlocked_finish
011836c0,openssl,_ENGINE_init
01183740,openssl,_ENGINE_finish
01183810,openssl,_OPENSSL_cleanse
01183870,openssl,_EVP_CIPHER_asn1_to_param
01183890,openssl,_EVP_Cipher
011838b0,openssl,_EVP_CIPHER_CTX_flags
011838e0,openssl,_EVP_MD_CTX_set_flags
011838f0,openssl,_EVP_MD_CTX_clear_flags
01183900,openssl,_EVP_MD_CTX_test_flags
01183910,openssl,_EVP_CIPHER_get_asn1_iv
01183980,openssl,_EVP_CIPHER_set_asn1_iv
011839f0,openssl,_ENGINE_get_cipher
01183a40,openssl,_RC4_set_key
01183ef0,openssl,_ex_data_check
01183f50,openssl,_def_cleanup_cb
01183f70,openssl,_def_get_class
01184040,openssl,_def_add_index
01184130,openssl,_int_new_class
01184170,openssl,_int_cleanup
011841c0,openssl,_int_get_new_index
01184200,openssl,_CRYPTO_get_ex_new_index
01184260,openssl,_CRYPTO_new_ex_data
011842c0,openssl,_CRYPTO_free_ex_data
01184320,openssl,_CRYPTO_set_ex_data
011843b0,openssl,_int_new_ex_data
011844e0,openssl,_int_dup_ex_data
01184640,openssl,_int_free_ex_data
01184770,openssl,_BUF_MEM_new
011847b0,openssl,_BUF_MEM_free
011847f0,openssl,_BUF_MEM_grow
011848a0,openssl,_BUF_MEM_grow_clean
01184980,openssl,_BUF_strlcpy
011849c0,openssl,_BUF_strlcat
01184a20,openssl,_BUF_strndup
01184a80,openssl,_BUF_strdup
01184ab0,openssl,_EVP_EncodeInit
01184ad0,openssl,_EVP_EncodeBlock
01184bc0,openssl,_EVP_DecodeInit
01184be0,openssl,_EVP_DecodeBlock
01184d00,openssl,_EVP_DecodeFinal
01184d50,openssl,_EVP_EncodeUpdate
01184e60,openssl,_EVP_EncodeFinal
01184ea0,openssl,_EVP_DecodeUpdate
011850a0,openssl,_AES_cbc_encrypt
01185440,openssl,_AES_cfb128_encrypt
011854f0,openssl,_AES_cfbr_encrypt_block
011856b0,openssl,_AES_cfb1_encrypt
01185760,openssl,_AES_cfb8_encrypt
011857b0,openssl,_AES_ecb_encrypt
011857e0,openssl,_AES_ofb128_encrypt
01185bf0,openssl,_ssleay_rand_seed
01186030,openssl,_ssleay_rand_pseudo_bytes
01186080,openssl,_ssleay_rand_status
01186190,openssl,_ENGINE_get_RAND
011861b0,openssl,_RSA_eay_public_encrypt
01186450,openssl,_rsa_get_blinding
01186580,openssl,_rsa_blinding_convert
011865e0,openssl,_rsa_blinding_invert
01186640,openssl,_RSA_eay_private_encrypt
011869d0,openssl,_RSA_eay_private_decrypt
01186d30,openssl,_RSA_eay_public_decrypt
01186fc0,openssl,_RSA_eay_mod_exp
01187470,openssl,_RSA_eay_init
01187480,openssl,_RSA_eay_finish
011874e0,openssl,_BN_BLINDING_free
01187540,openssl,_BN_BLINDING_convert_ex
011875b0,openssl,_BN_BLINDING_set_thread_id
011875c0,openssl,_BN_BLINDING_create_param
011877a0,openssl,_BN_BLINDING_update
01187840,openssl,_BN_BLINDING_invert_ex
011878b0,openssl,_BN_STACK_push
01187940,openssl,_BN_POOL_finish
01187990,openssl,_BN_POOL_get
01187a50,openssl,_BN_POOL_release
01187a80,openssl,_BN_CTX_new
01187ad0,openssl,_BN_CTX_free
01187b00,openssl,_BN_CTX_start
01187b50,openssl,_BN_CTX_end
01187b90,openssl,_BN_CTX_get
01187be0,openssl,_BN_mod_inverse_no_branch
01187e90,openssl,_BN_mod_inverse
01188450,openssl,_bn_sub_part_words
011885c0,openssl,_bn_mul_normal
011886e0,openssl,_bn_mul_recursive
01188b30,openssl,_bn_mul_part_recursive
01188f90,openssl,_BN_mul
01189220,openssl,_BN_uadd
011892f0,openssl,_BN_usub
01189430,openssl,_BN_sub
01189500,openssl,_BN_add
011895f0,openssl,_ASN1_TYPE_get
01189610,openssl,_ASN1_TYPE_set
01189660,openssl,_doapr_outch
01189700,openssl,_fmtstr
011897e0,openssl,_fmtint
01189a30,openssl,_fmtfp
01189d60,openssl,__dopr
0118a380,openssl,_BIO_vprintf
0118a460,openssl,_BIO_printf
0118a480,openssl,_BIO_snprintf
0118a4e0,openssl,_BN_div_word
0118a590,openssl,_BN_add_word
0118a650,openssl,_BN_sub_word
0118a720,openssl,_BN_mul_word
0118a790,openssl,_RIPEMD160_Init
0118a7d0,openssl,_sha1_block_host_order
0118cfb0,openssl,_sha1_block_data_order
0118fc10,openssl,_SHA1_Update
01190020,openssl,_PEM_ASN1_read_bio
011900b0,openssl,_rinf_cb
011900e0,openssl,_PEM_def_callback
011901b0,openssl,_check_pem
011905e0,openssl,_PEM_do_header
01190790,openssl,_load_iv
01190db0,openssl,_PEM_get_EVP_CIPHER_INFO
01190f30,openssl,_PEM_bytes_read_bio
01191100,openssl,_X509_REVOKED_cmp
01191120,openssl,_crl_inf_cb
01191150,openssl,_si_cb
01191170,openssl,_ri_cb
01191190,openssl,_nsseq_cb
011911c0,openssl,_EVP_PKEY_bits
01191250,openssl,_EVP_PKEY_size
011912a0,openssl,_EVP_PKEY_missing_parameters
011912f0,openssl,_EVP_PKEY_cmp_parameters
011913a0,openssl,_EVP_PKEY_cmp
01191470,openssl,_EVP_PKEY_new
011914c0,openssl,_EVP_PKEY_type
01191560,openssl,_EVP_PKEY_free_it
01191620,openssl,_EVP_PKEY_copy_parameters
01191780,openssl,_EVP_PKEY_free
011917d0,openssl,_rsa_cb
011918a0,openssl,_pubkey_cb
011918c0,openssl,_X509_PUBKEY_get
01191b20,openssl,_DSA_new_method
01191c60,openssl,_DSA_free
01191d40,openssl,_DSA_size
01191db0,openssl,_sig_cb
01191e60,openssl,_dsa_cb
01191f10,openssl,_EC_KEY_new
01191f70,openssl,_EC_KEY_free
01191fe0,openssl,_EC_KEY_copy
01192130,openssl,_EC_KEY_dup
01192160,openssl,_EC_KEY_up_ref
01192190,openssl,_EC_KEY_generate_key
011922c0,openssl,_ASN1_STRING_type
011922d0,openssl,_EC_KEY_set_group
01192300,openssl,_CONF_imodule_get_flags
01192310,openssl,_EC_KEY_set_private_key
01192340,openssl,_EC_KEY_set_public_key
01192380,openssl,_EC_KEY_get_key_method_data
01192390,openssl,_EC_KEY_insert_key_method_data
01192400,openssl,_ec_asn1_parameters2group
01192990,openssl,_ec_asn1_pkparameters2group
01192a40,openssl,_d2i_ECPKParameters
01192ae0,openssl,_d2i_ECPrivateKey
01192cb0,openssl,_d2i_ECParameters
01192d40,openssl,_o2i_ECPublicKey
01192e00,openssl,_dh_cb
01192f50,openssl,_load_builtin_compressions
01193050,openssl,_ssl_cipher_get_evp
011933a0,openssl,_ssl_cipher_collect_ciphers
01193450,openssl,_ssl_cipher_collect_aliases
01193490,openssl,_ssl_cipher_apply_rule
01193670,openssl,_ssl_cipher_strength_sort
01193740,openssl,_ssl_cipher_process_rulestr
01193a90,openssl,_ssl_create_cipher_list
01193cd0,openssl,_ssl3_comp_find
01193d30,openssl,_lh_free
01193d80,openssl,_doall_util_fn
01193de0,openssl,_lh_doall
01193e20,openssl,_lh_doall_arg
01193e50,openssl,_expand
01193f20,openssl,_contract
01193fb0,openssl,_getrn
01194030,openssl,_lh_strhash
01194080,openssl,_lh_num_items
01194090,openssl,_lh_new
01194160,openssl,_lh_insert
011941f0,openssl,_lh_delete
01194260,openssl,_lh_retrieve
01194290,openssl,_X509_VERIFY_PARAM_new
01194300,openssl,_X509_VERIFY_PARAM_free
01194350,openssl,_X509_VERIFY_PARAM_set1_policies
01194410,openssl,_table_cmp
01194450,openssl,_X509_VERIFY_PARAM_lookup
011944b0,openssl,_X509_VERIFY_PARAM_inherit
011945a0,openssl,_file_new
011945c0,openssl,_sock_free
01194610,openssl,_sock_ctrl
01194740,openssl,_sock_read
011947b0,openssl,_sock_write
01194810,openssl,_sock_puts
01194840,openssl,_SSL_get_ex_data_X509_STORE_CTX_idx
011948f0,openssl,_ssl_cert_new
01194940,openssl,_ssl_cert_dup
01194b70,openssl,_ssl_cert_free
01194c10,openssl,_ssl_cert_inst
01194c60,openssl,_ssl_sess_cert_new
01194cb0,openssl,_ssl_sess_cert_free
01194d60,openssl,_ssl_verify_cert_chain
01194e90,openssl,_SSL_get_client_CA_list
01194fc0,openssl,_x509_name_ex_new
01195040,openssl,_x509_name_ex_free
01195090,openssl,_x509_name_ex_d2i
01195230,openssl,_x509_name_encode
01195360,openssl,_x509_name_ex_i2d
011953a0,openssl,_X509_LOOKUP_ctrl
011953d0,openssl,_x509_object_cmp
01195420,openssl,_X509_STORE_new
011954b0,openssl,_cleanup
011954f0,openssl,_X509_STORE_free
011955a0,openssl,_X509_STORE_add_lookup
01195660,openssl,_X509_OBJECT_up_ref_count
011956b0,openssl,_X509_OBJECT_free_contents
011956e0,openssl,_X509_OBJECT_idx_by_subject
01195790,openssl,_X509_OBJECT_retrieve_match
01195850,openssl,_X509_STORE_get_by_subject
01195970,openssl,_X509_STORE_add_cert
01195a40,openssl,_X509_STORE_add_crl
01195b10,openssl,_X509_STORE_CTX_get1_issuer
01195cd0,openssl,_x509v3_cache_extensions
01196090,openssl,_check_ca
011960e0,openssl,_X509_check_ca
01196170,openssl,_check_ssl_ca
011961d0,openssl,_check_purpose_ssl_client
01196210,openssl,_check_purpose_ssl_server
01196250,openssl,_check_purpose_ns_ssl_server
011962a0,openssl,_check_purpose_smime_sign
01196300,openssl,_check_purpose_smime_encrypt
01196360,openssl,_check_purpose_crl_sign
011963a0,openssl,_ocsp_helper
011963c0,openssl,_X509_check_issued
011965f0,openssl,_DH_new_method
01196740,openssl,_DH_free
01196830,openssl,_DH_size
01196860,openssl,_COMP_CTX_new
011968c0,openssl,_COMP_CTX_free
011968f0,openssl,_COMP_compress_block
01196930,openssl,_COMP_expand_block
01196980,openssl,_buffer_new
01196a30,openssl,_buffer_free
01196a90,openssl,_buffer_read
01196bb0,openssl,_buffer_write
01196d20,openssl,_buffer_ctrl
01197140,openssl,_buffer_gets
01197220,openssl,_buffer_puts
01197250,openssl,_X509_STORE_load_locations
011972d0,openssl,_EVP_add_cipher
01197310,openssl,_EVP_add_digest
011973a0,openssl,_EVP_get_cipherbyname
011973b0,openssl,_EVP_get_digestbyname
01197800,openssl,_SetBlobCmp
01197890,openssl,_asn1_ex_i2c
01197a10,openssl,_asn1_i2d_ex_primitive
01197af0,openssl,_ASN1_item_ex_i2d
01197e30,openssl,_asn1_set_seq_out
01198020,openssl,_asn1_item_flags_i2d
011980b0,openssl,_ASN1_item_i2d
011980d0,openssl,_ASN1_primitive_new
011981d0,openssl,_asn1_primitive_clear
01198210,openssl,_asn1_item_ex_combine_new
01198490,openssl,_ASN1_item_ex_new
01198550,openssl,_ASN1_item_new
01198580,openssl,_ASN1_primitive_free
01198660,openssl,_asn1_item_combine_free
011988e0,openssl,_ASN1_item_free
01198900,openssl,_ASN1_item_ex_free
01198920,openssl,_policy_cache_free
01198960,openssl,_policy_cache_find_data
011989a0,openssl,_policy_data_cmp
011989c0,openssl,_policy_cache_set_int
011989f0,openssl,_policy_cache_create
01198b00,openssl,_policy_cache_new
01198cb0,openssl,_policy_cache_set
01198d60,openssl,_X509_NAME_oneline
011990c0,openssl,_ASN1_dup
01199140,openssl,_ASN1_item_dup
011991b0,openssl,_OBJ_dup
01199300,openssl,_OBJ_cmp
01199390,openssl,_a2d_ASN1_OBJECT
01199740,openssl,_i2t_ASN1_OBJECT
01199760,openssl,_i2a_ASN1_OBJECT
01199870,openssl,_ASN1_OBJECT_new
011998c0,openssl,_ASN1_OBJECT_free
01199930,openssl,_c2i_ASN1_OBJECT
01199a40,openssl,_d2i_ASN1_OBJECT
01199ad0,openssl,_ASN1_PRINTABLE_type
01199b90,openssl,_ASN1_check_infinite_end
01199bc0,openssl,_asn1_get_length
01199c50,openssl,_ASN1_put_eoc
01199c70,openssl,_ASN1_object_size
01199cb0,openssl,_ASN1_STRING_set
01199d70,openssl,_ASN1_STRING_type_new
01199db0,openssl,_ASN1_STRING_free
01199de0,openssl,_ASN1_STRING_cmp
01199e70,openssl,_ASN1_get_object
01199f80,openssl,_ASN1_put_object
0119a050,openssl,_asn1_GetSequence
0119a0e0,openssl,_ASN1_STRING_dup
0119a180,openssl,_ASN1_STRING_new
0119a1d0,openssl,_ASN1_STRING_TABLE_get
0119a230,openssl,_ASN1_STRING_set_by_NID
0119a2c0,openssl,_EVP_MD_CTX_init
0119a2e0,openssl,_EVP_DigestInit_ex
0119a3f0,openssl,_EVP_DigestUpdate
0119a400,openssl,_EVP_DigestFinal_ex
0119a480,openssl,_EVP_MD_CTX_cleanup
0119a510,openssl,_EVP_MD_CTX_copy_ex
0119a600,openssl,_EVP_Digest
0119a6b0,openssl,_init
0119a6d0,openssl,_final
0119a700,openssl,_ASN1_INTEGER_cmp
0119a740,openssl,_i2c_ASN1_INTEGER
0119a850,openssl,_c2i_ASN1_INTEGER
0119a9c0,openssl,_ASN1_INTEGER_set
0119aaa0,openssl,_ASN1_INTEGER_get
0119ab00,openssl,_BN_to_ASN1_INTEGER
0119abd0,openssl,_ASN1_INTEGER_to_BN
0119ac20,openssl,_i2c_ASN1_BIT_STRING
0119acf0,openssl,_c2i_ASN1_BIT_STRING
0119adf0,openssl,_ASN1_BIT_STRING_set_bit
0119af00,openssl,_ASN1_BIT_STRING_get_bit
0119af50,openssl,_asn1_get_choice_selector
0119af70,openssl,_asn1_set_choice_selector
0119af90,openssl,_asn1_do_lock
0119afe0,openssl,_asn1_enc_init
0119b020,openssl,_asn1_enc_free
0119b070,openssl,_asn1_enc_save
0119b0f0,openssl,_asn1_enc_restore
0119b160,openssl,_asn1_get_field_ptr
0119b210,openssl,_s2i_asn1_int
0119b230,openssl,_POLICY_MAPPING_free
0119b250,openssl,_i2v_POLICY_MAPPINGS
0119b300,openssl,_v2i_POLICY_MAPPINGS
0119b480,openssl,_v2i_NAME_CONSTRAINTS
0119b7a0,openssl,_i2r_NAME_CONSTRAINTS
0119b890,openssl,_process_pci_value
0119bcd0,openssl,_r2i_pci
0119bf70,openssl,_POLICY_CONSTRAINTS_free
0119bf90,openssl,_i2v_POLICY_CONSTRAINTS
0119bfd0,openssl,_v2i_POLICY_CONSTRAINTS
0119c150,openssl,_ACCESS_DESCRIPTION_free
0119c170,openssl,_i2v_AUTHORITY_INFO_ACCESS
0119c2e0,openssl,_v2i_AUTHORITY_INFO_ACCESS
0119c4a0,openssl,_sxnet_i2r
0119c550,openssl,_SXNET_get_id_INTEGER
0119c5b0,openssl,_SXNET_add_id_INTEGER
0119c730,openssl,_sxnet_v2i
0119c7c0,openssl,_i2s_ASN1_ENUMERATED_TABLE
0119c810,openssl,_i2v_EXTENDED_KEY_USAGE
0119c890,openssl,_v2i_EXTENDED_KEY_USAGE
0119c950,openssl,_i2v_crld
0119ca10,openssl,_DIST_POINT_free
0119ca30,openssl,_v2i_crld
0119cb60,openssl,_i2v_AUTHORITY_KEYID
0119cbf0,openssl,_v2i_AUTHORITY_KEYID
0119ced0,openssl,_POLICYINFO_free
0119cef0,openssl,_POLICYQUALINFO_free
0119cf10,openssl,_nref_nos
0119d090,openssl,_notice_section
0119d420,openssl,_policy_section
0119d700,openssl,_r2i_certpol
0119d910,openssl,_BASIC_CONSTRAINTS_free
0119d930,openssl,_i2v_BASIC_CONSTRAINTS
0119d970,openssl,_v2i_BASIC_CONSTRAINTS
0119dac0,openssl,_i2v_GENERAL_NAME
0119df30,openssl,_copy_issuer
0119e010,openssl,_copy_email
0119e120,openssl,_do_othername
0119e1c0,openssl,_do_dirname
0119e240,openssl,_i2v_GENERAL_NAMES
0119e2a0,openssl,_v2i_GENERAL_NAME_ex
0119e500,openssl,_v2i_GENERAL_NAME
0119e520,openssl,_v2i_issuer_alt
0119e630,openssl,_v2i_subject_alt
0119e780,openssl,_i2r_PKEY_USAGE_PERIOD
0119e800,openssl,_i2v_ASN1_BIT_STRING
0119e850,openssl,_v2i_ASN1_BIT_STRING
0119e9e0,openssl,_i2s_ASN1_OCTET_STRING
0119ea00,openssl,_s2i_ASN1_OCTET_STRING
0119ea60,openssl,_s2i_skey_id
0119ebb0,openssl,_i2s_ASN1_IA5STRING
0119ec10,openssl,_s2i_ASN1_IA5STRING
0119ec80,openssl,_X509V3_get_section
0119ecc0,openssl,_X509V3_section_free
0119ed30,openssl,_BN_lshift1
0119edd0,openssl,_BN_rshift1
0119ee80,openssl,_BN_lshift
0119efc0,openssl,_BN_rshift
0119f100,openssl,_CRYPTO_mem_ctrl
0119f240,openssl,_CRYPTO_is_mem_check_on
0119f2a0,openssl,_app_info_cmp
0119f2c0,openssl,_mem_hash
0119f2f0,openssl,_pop_info
0119f370,openssl,_CRYPTO_push_info_
0119f510,openssl,_CRYPTO_pop_info
0119f650,openssl,_ssl3_get_cipher
0119f670,openssl,_ssl3_pending
0119f6a0,openssl,_ssl3_new
0119f720,openssl,_ssl3_free
0119f820,openssl,_ssl3_clear
0119f950,openssl,_ssl3_ctrl
0119fbf0,openssl,_ssl3_callback_ctrl
0119fc80,openssl,_ssl3_ctx_ctrl
0119fe90,openssl,_ssl3_ctx_callback_ctrl
0119ff30,openssl,_ssl3_put_cipher_by_char
0119ff70,openssl,_ssl3_choose_cipher
011a0030,openssl,_ssl3_get_req_cert_type
011a00a0,openssl,_ssl3_shutdown
011a0130,openssl,_ssl3_renegotiate
011a0160,openssl,_ssl3_renegotiate_check
011a01d0,openssl,_ssl3_write
011a0290,openssl,_ssl3_read_internal
011a0310,openssl,_ssl3_read
011a0330,openssl,_ssl3_peek
011a0380,openssl,_ssl23_get_cipher
011a03b0,openssl,_ssl23_put_cipher_by_char
011a03e0,openssl,_ssl23_read
011a0450,openssl,_ssl23_peek
011a04d0,openssl,_ssl23_write
011a0540,openssl,_ssl3_read_n
011a06d0,openssl,_ssl3_do_uncompress
011a0720,openssl,_ssl3_do_compress
011a0770,openssl,_ssl3_write_pending
011a0860,openssl,_ssl3_do_change_cipher_spec
011a0930,openssl,_ssl3_send_alert
011a09c0,openssl,_ssl3_get_record
011a0d80,openssl,_do_ssl3_write
011a1700,openssl,_ssl3_dispatch_alert
011a1990,openssl,_ssl3_write_bytes
011a1cf0,openssl,_ssl3_do_write
011a1d80,openssl,_ssl3_send_finished
011a1e30,openssl,_ssl3_get_finished
011a1f20,openssl,_ssl3_send_change_cipher_spec
011a1f60,openssl,_ssl3_output_cert_chain
011a2250,openssl,_ssl3_get_message
011a2500,openssl,_ssl_cert_type
011a2560,openssl,_ssl_verify_alarm_type
011a2610,openssl,_ssl3_setup_buffers
011a26d0,openssl,_tls1_new
011a2710,openssl,_tls1_clear
011a2780,openssl,_ssl3_client_hello
011a2980,openssl,_ssl3_get_server_hello
011a2d60,openssl,_ssl3_get_server_certificate
011a3150,openssl,_ca_dn_cmp
011a3170,openssl,_ssl3_get_server_done
011a31d0,openssl,_ssl3_send_client_key_exchange
011a3700,openssl,_ssl3_send_client_verify
011a38d0,openssl,_ssl3_send_client_certificate
011a3a60,openssl,_ssl3_check_cert_and_algorithm
011a3cf0,openssl,_ssl3_get_key_exchange
011a4600,openssl,_ssl3_get_certificate_request
011a48f0,openssl,_ssl3_connect
011a5030,openssl,_ssl23_write_bytes
011a50a0,openssl,_ssl23_read_bytes
011a5120,openssl,_ssl3_generate_key_block
011a5310,openssl,_ssl3_change_cipher_state
011a5760,openssl,_ssl3_cleanup_key_block
011a57c0,openssl,_ssl3_enc
011a5900,openssl,_ssl3_init_finished_mac
011a5950,openssl,_ssl3_finish_mac
011a5990,openssl,_ssl3_handshake_mac
011a5c40,openssl,_ssl3_alert_code
011a5d40,openssl,_ssl3_setup_key_block
011a5ec0,openssl,_ssl3_cert_verify_mac
011a5ee0,openssl,_ssl3_final_finish_mac
011a5f20,openssl,_ssl3_mac
011a6100,openssl,_ssl3_send_hello_request
011a6140,openssl,_ssl3_check_client_hello
011a61c0,openssl,_ssl3_get_client_hello
011a67a0,openssl,_ssl3_send_server_hello
011a6900,openssl,_ssl3_send_server_done
011a6940,openssl,_ssl3_send_certificate_request
011a6b60,openssl,_ssl3_get_client_key_exchange
011a7070,openssl,_ssl3_get_cert_verify
011a7340,openssl,_ssl3_get_client_certificate
011a7770,openssl,_ssl3_send_server_certificate
011a77f0,openssl,_nid2curve_id
011a7920,openssl,_ssl3_send_server_key_exchange
011a81e0,openssl,_ssl3_accept
011a8c30,openssl,_OpenSSL_add_all_ciphers
011a8fb0,openssl,_test_sha1_update
011a8fc0,openssl,_test_sha1_final
011a9010,openssl,_init224
011a9020,openssl,_init256
011a9030,openssl,_update256
011a9040,openssl,_final256
011a9080,openssl,_init384
011a9090,openssl,_init512
011a90a0,openssl,_update512
011a90b0,openssl,_final512
011a90f0,openssl,_obj_name_cmp
011a9170,openssl,_obj_name_hash
011a91d0,openssl,_OBJ_NAME_init
011a9210,openssl,_OBJ_NAME_get
011a92c0,openssl,_OBJ_NAME_add
011a93b0,openssl,_init
011a93c0,openssl,_update
011a93d0,openssl,_final
011a9400,openssl,_rc2_cbc_cipher
011a9430,openssl,_rc2_cfb64_cipher
011a9470,openssl,_rc2_ecb_cipher
011a94d0,openssl,_rc2_ofb_cipher
011a9560,openssl,_rc2_init_key
011a9590,openssl,_rc2_magic_to_meth
011a95d0,openssl,_rc2_get_asn1_type_and_iv
011a96b0,openssl,_rc2_set_asn1_type_and_iv
011a9720,openssl,_rc2_ctrl
011a9790,openssl,_des_ede_ecb_cipher
011a9800,openssl,_des_ede_ofb_cipher
011a9840,openssl,_des_ede_cbc_cipher
011a9880,openssl,_des_ede_cfb64_cipher
011a98c0,openssl,_des_ede3_cfb1_cipher
011a9970,openssl,_des_ede3_cfb8_cipher
011a9a10,openssl,_des_ede_init_key
011a9a50,openssl,_des_ede3_init_key
011a9aa0,openssl,_des3_ctrl
011a9b20,openssl,_des_ecb_cipher
011a9b80,openssl,_des_ofb_cipher
011a9bb0,openssl,_des_cbc_cipher
011a9be0,openssl,_des_cfb64_cipher
011a9c20,openssl,_des_cfb1_cipher
011a9cc0,openssl,_des_cfb8_cipher
011a9d50,openssl,_des_init_key
011a9d70,openssl,_des_ctrl
011a9db0,openssl,_engine_free_util
011a9e20,openssl,_ASN1_TYPE_set_octetstring
011a9e70,openssl,_ASN1_TYPE_get_octetstring
011a9ec0,openssl,_ASN1_TYPE_set_int_octetstring
011a9fe0,openssl,_ASN1_TYPE_get_int_octetstring
011aa150,openssl,_engine_table_select
011aa270,openssl,_readtimer
011aa9d0,openssl,_BN_mod_exp_recp
011aad30,openssl,_MOD_EXP_CTIME_COPY_TO_PREBUF
011aadc0,openssl,_MOD_EXP_CTIME_COPY_FROM_PREBUF
011aae40,openssl,_BN_mod_exp_mont_consttime
011ab260,openssl,_BN_mod_exp_mont_word
011ab5e0,openssl,_BN_mod_exp_mont
011ab9d0,openssl,_BN_mod_exp
011aba40,openssl,_BN_from_montgomery
011abd90,openssl,_BN_MONT_CTX_free
011abdd0,openssl,_BN_MONT_CTX_set
011abf60,openssl,_BN_MONT_CTX_copy
011abfc0,openssl,_BN_mod_mul_montgomery
011ac040,openssl,_BN_MONT_CTX_new
011ac090,openssl,_BN_MONT_CTX_set_locked
011ac160,openssl,_RSA_padding_add_none
011ac1c0,openssl,_RSA_padding_check_none
011ac220,openssl,_RSA_padding_add_SSLv23
011ac2d0,openssl,_RSA_padding_check_SSLv23
011ac3c0,openssl,_PKCS1_MGF1
011ac500,openssl,_RSA_padding_add_PKCS1_OAEP
011ac710,openssl,_RSA_padding_check_PKCS1_OAEP
011ac910,openssl,_RSA_padding_add_PKCS1_type_1
011ac980,openssl,_RSA_padding_check_PKCS1_type_1
011aca60,openssl,_RSA_padding_add_PKCS1_type_2
011acb00,openssl,_RSA_padding_check_PKCS1_type_2
011acbc0,openssl,_RSA_padding_add_X931
011acc40,openssl,_RSA_padding_check_X931
011acd00,openssl,_BN_div_no_branch
011ad110,openssl,_BN_div
011ad520,openssl,_BN_nnmod
011ad570,openssl,_BN_mod_add
011ad5b0,openssl,_BN_mod_add_quick
011ad600,openssl,_BN_mod_sub_quick
011ad640,openssl,_BN_mod_mul
011ad6c0,openssl,_BN_mod_sqr
011ad700,openssl,_BN_mod_lshift1_quick
011ad750,openssl,_BN_mod_lshift_quick
011ad810,openssl,_bnrand
011ad9b0,openssl,_BN_rand
011ad9d0,openssl,_BN_pseudo_rand
011ada00,openssl,_bn_rand_range
011adb40,openssl,_BN_rand_range
011adb60,openssl,_bn_mul_add_words
011add30,openssl,_bn_mul_words
011adee0,openssl,_bn_sqr_words
011adfd0,openssl,_bn_div_words
011ae100,openssl,_bn_add_words
011ae1f0,openssl,_bn_sub_words
011ae2b0,openssl,_bn_mul_comba8
011afe20,openssl,_bn_mul_comba4
011b0500,openssl,_bn_sqr_comba8
011b1520,openssl,_bn_sqr_comba4
011b1940,openssl,_EVP_get_pw_prompt
011b1960,openssl,_EVP_read_pw_string
011b1a30,openssl,_EVP_BytesToKey
011b1c70,openssl,_ASN1_TIME_set
011b1cf0,openssl,_ASN1_TIME_check
011b1d20,openssl,_EC_GROUP_new
011b1de0,openssl,_EC_GROUP_get_order
011b1e10,openssl,_EC_GROUP_get_cofactor
011b1e40,openssl,_EC_GROUP_set_curve_name
011b1e50,openssl,_EC_GROUP_get_curve_name
011b1e60,openssl,_EC_GROUP_set_asn1_flag
011b1e70,openssl,_EC_GROUP_set_point_conversion_form
011b1e80,openssl,_EC_GROUP_set_seed
011b1ef0,openssl,_EC_GROUP_set_curve_GFp
011b1f20,openssl,_EC_GROUP_set_curve_GF2m
011b1f50,openssl,_EC_GROUP_get_degree
011b1f80,openssl,_EC_EX_DATA_set_data
011b2020,openssl,_EC_EX_DATA_get_data
011b2060,openssl,_EC_EX_DATA_free_data
011b20c0,openssl,_EC_EX_DATA_free_all_data
011b2100,openssl,_EC_EX_DATA_clear_free_all_data
011b2140,openssl,_EC_POINT_new
011b21d0,openssl,_EC_POINT_free
011b2200,openssl,_EC_POINT_clear_free
011b2240,openssl,_EC_POINT_copy
011b22a0,openssl,_EC_POINT_dup
011b2300,openssl,_EC_POINT_set_to_infinity
011b2350,openssl,_EC_POINT_set_Jprojective_coordinates_GFp
011b23b0,openssl,_EC_POINT_set_affine_coordinates_GFp
011b2410,openssl,_EC_POINT_set_affine_coordinates_GF2m
011b2470,openssl,_EC_POINT_get_affine_coordinates_GFp
011b24d0,openssl,_EC_POINT_get_affine_coordinates_GF2m
011b2530,openssl,_EC_POINT_set_compressed_coordinates_GFp
011b2590,openssl,_EC_POINT_set_compressed_coordinates_GF2m
011b25f0,openssl,_EC_POINT_point2oct
011b2650,openssl,_EC_POINT_oct2point
011b26b0,openssl,_EC_POINT_add
011b2720,openssl,_EC_POINT_dbl
011b2780,openssl,_EC_POINT_invert
011b27e0,openssl,_EC_POINT_is_at_infinity
011b2830,openssl,_EC_POINT_is_on_curve
011b2880,openssl,_EC_POINT_cmp
011b28e0,openssl,_EC_POINT_make_affine
011b2930,openssl,_EC_POINTs_make_affine
011b29b0,openssl,_EC_POINT_mul
011b2a30,openssl,_EC_GROUP_have_precompute_mult
011b2a60,openssl,_EC_GROUP_free
011b2ae0,openssl,_EC_GROUP_clear_free
011b2b70,openssl,_EC_GROUP_copy
011b2d20,openssl,_EC_GROUP_dup
011b2d60,openssl,_EC_GROUP_set_generator
011b2e10,openssl,_EC_GROUP_cmp
011b3030,openssl,_ECDSA_DATA_new_method
011b30e0,openssl,_ecdsa_data_dup
011b3100,openssl,_ecdsa_data_free
011b3140,openssl,_ecdsa_check
011b31a0,openssl,_ECDSA_size
011b3250,openssl,_pkey_cb
011b3280,openssl,_bn_new
011b32a0,openssl,_bn_free
011b32e0,openssl,_bn_i2c
011b3340,openssl,_bn_c2i
011b33b0,openssl,_long_new
011b33d0,openssl,_long_free
011b33e0,openssl,_long_i2c
011b3460,openssl,_long_c2i
011b34f0,openssl,_d2i_PublicKey
011b35d0,openssl,_ec_group_new_from_data
011b38f0,openssl,_dsa_do_sign
011b3af0,openssl,_dsa_sign_setup
011b3d60,openssl,_dsa_do_verify
011b3ff0,openssl,_dsa_init
011b4000,openssl,_dsa_finish
011b4030,openssl,_ec_GF2m_simple_group_init
011b4060,openssl,_ec_GF2m_simple_group_finish
011b4090,openssl,_ec_GF2m_simple_group_clear_finish
011b40d0,openssl,_ec_GF2m_simple_group_copy
011b41d0,openssl,_ec_GF2m_simple_group_set_curve
011b42e0,openssl,_ec_GF2m_simple_group_get_curve
011b4350,openssl,_ec_GF2m_simple_group_get_degree
011b4370,openssl,_ec_GF2m_simple_group_check_discriminant
011b4400,openssl,_ec_GF2m_simple_point_init
011b4430,openssl,_ec_GF2m_simple_point_clear_finish
011b4460,openssl,_ec_GF2m_simple_point_copy
011b44c0,openssl,_ec_GF2m_simple_point_set_to_infinity
011b44e0,openssl,_ec_GF2m_simple_point_set_affine_coordinates
011b4580,openssl,_ec_GF2m_simple_point_get_affine_coordinates
011b4640,openssl,_ec_GF2m_simple_set_compressed_coordinates
011b4660,openssl,_ec_GF2m_simple_point2oct
011b48d0,openssl,_ec_GF2m_simple_oct2point
011b4b50,openssl,_ec_GF2m_simple_add
011b4ef0,openssl,_ec_GF2m_simple_dbl
011b4f10,openssl,_ec_GF2m_simple_invert
011b4f60,openssl,_ec_GF2m_simple_is_on_curve
011b50d0,openssl,_ec_GF2m_simple_cmp
011b5240,openssl,_ec_GF2m_simple_make_affine
011b5340,openssl,_ec_GF2m_simple_points_make_affine
011b5390,openssl,_ec_GF2m_simple_field_mul
011b53c0,openssl,_ec_GF2m_simple_field_sqr
011b53e0,openssl,_ec_GF2m_simple_field_div
011b5440,openssl,_EC_GROUP_new_curve_GFp
011b54f0,openssl,_EC_GROUP_new_curve_GF2m
011b5560,openssl,_null_cipher
011b5590,openssl,_trust_compat
011b55c0,openssl,_obj_trust
011b5680,openssl,_X509_check_trust
011b5730,openssl,_trust_1oidany
011b5780,openssl,_trust_1oid
011b578e,openssl,_OCSP_SINGLERESP_get_ext_by_NID
011b57b0,openssl,_find_issuer
011b5800,openssl,_check_issued
011b5850,openssl,_check_chain_extensions
011b5a50,openssl,_check_trust
011b5ab0,openssl,_check_cert
011b5b40,openssl,_cert_crl
011b5c50,openssl,_check_policy
011b5d40,openssl,_X509_time_adj
011b5dc0,openssl,_X509_get_pubkey_parameters
011b5eb0,openssl,_X509_STORE_CTX_get_ex_new_index
011b5ee0,openssl,_X509_STORE_CTX_set_ex_data
011b5ef0,openssl,_X509_STORE_CTX_cleanup
011b5f70,openssl,_X509_STORE_CTX_set_verify_cb
011b5f80,openssl,_X509_STORE_CTX_set_default
011b5fc0,openssl,_check_revocation
011b6020,openssl,_X509_cmp_time
011b6210,openssl,_get_crl_sk
011b6330,openssl,_get_crl
011b63e0,openssl,_check_crl
011b65c0,openssl,_check_cert_time
011b6680,openssl,_internal_verify
011b67e0,openssl,_X509_STORE_CTX_init
011b6990,openssl,_X509_verify_cert
011b6ec0,openssl,_DH_generate_key
011b6ed0,openssl,_DH_compute_key
011b6ef0,openssl,_generate_key
011b7070,openssl,_compute_key
011b71a0,openssl,_dh_bn_mod_exp
011b7200,openssl,_dh_init
011b7210,openssl,_dh_finish
011b7260,openssl,_new_dir
011b72c0,openssl,_free_dir
011b7330,openssl,_add_cert_dir
011b7520,openssl,_get_cert_by_subject
011b77a0,openssl,_dir_ctrl
011b7820,openssl,_X509_load_cert_file
011b7980,openssl,_X509_load_crl_file
011b7ae0,openssl,_X509_load_cert_crl_file
011b7bd0,openssl,_by_file_ctrl
011b7c70,openssl,_sk_table_cmp
011b7c90,openssl,_EVP_PBE_alg_add
011b7d10,openssl,_policy_data_free
011b7d50,openssl,_policy_data_new
011b7de0,openssl,_ref_cmp
011b7e00,openssl,_policy_map_free
011b7e30,openssl,_policy_cache_set_mapping
011b80a0,openssl,_traverse_string
011b8170,openssl,_in_utf8
011b8180,openssl,_out_utf8
011b81a0,openssl,_cpy_asc
011b81c0,openssl,_cpy_bmp
011b81e0,openssl,_cpy_univ
011b8210,openssl,_cpy_utf8
011b8240,openssl,_is_printable
011b8290,openssl,_type_str
011b8300,openssl,_ASN1_mbstring_ncopy
011b86d0,openssl,_ASN1_mbstring_copy
011b8720,openssl,_ENGINE_get_digest
011b8770,openssl,_MD4_Init
011b87a0,openssl,_md5_block_host_order
011b91f0,openssl,_X509V3_add_value
011b92d0,openssl,_X509V3_conf_free
011b9320,openssl,_X509V3_add_value_bool
011b9350,openssl,_i2s_ASN1_ENUMERATED
011b93a0,openssl,_i2s_ASN1_INTEGER
011b93f0,openssl,_s2i_ASN1_INTEGER
011b94e0,openssl,_X509V3_add_value_int
011b9530,openssl,_X509V3_get_value_bool
011b9820,openssl,_X509V3_get_value_int
011b9870,openssl,_strip_spaces
011b9900,openssl,_hex_to_string
011b9990,openssl,_string_to_hex
011b9b10,openssl,_name_cmp
011b9b60,openssl,_ipv4_from_asc
011b9bf0,openssl,_ipv6_hex
011b9c70,openssl,_X509V3_NAME_from_section
011b9d20,openssl,_X509V3_parse_list
011b9e80,openssl,_ipv6_cb
011b9f10,openssl,_ipv6_from_asc
011ba050,openssl,_a2i_ipadd
011ba090,openssl,_a2i_IPADDRESS
011ba130,openssl,_a2i_IPADDRESS_NC
011ba210,openssl,_i2a_ASN1_INTEGER
011ba310,openssl,_ASN1_STRING_print
011ba3e0,openssl,_ASN1_GENERALIZEDTIME_print
011ba540,openssl,_X509_NAME_print
011ba620,openssl,_ASN1_ENUMERATED_get
011ba680,openssl,_ASN1_ENUMERATED_to_BN
011ba6d0,openssl,_send_bio_chars
011ba700,openssl,_do_esc_char
011ba880,openssl,_do_buf
011baa70,openssl,_do_hex_dump
011baae0,openssl,_do_dump
011babb0,openssl,_do_print_ex
011bad30,openssl,_do_indent
011bad70,openssl,_do_name_ex
011bb130,openssl,_X509_NAME_print_ex
011bb170,openssl,_parse_tagging
011bb2b0,openssl,_append_exp
011bb360,openssl,_asn1_str2tag
011bb3d0,openssl,_bitstr_cb
011bb460,openssl,_asn1_cb
011bb700,openssl,_asn1_str2type
011bbad0,openssl,_ASN1_generate_v3
011bbd50,openssl,_asn1_multi
011bbec0,openssl,_NCONF_get_section
011bbf10,openssl,_NCONF_get_string
011bbf70,openssl,_CONF_get_section
011bbfe0,openssl,_CONF_get_string
011bc060,openssl,_CONF_free
011bc0a0,openssl,_tls1_P_hash
011bc2e0,openssl,_tls1_PRF
011bc350,openssl,_tls1_generate_key_block
011bc410,openssl,_tls1_change_cipher_state
011bc920,openssl,_tls1_setup_key_block
011bcac0,openssl,_tls1_enc
011bcd00,openssl,_tls1_cert_verify_mac
011bcd50,openssl,_tls1_final_finish_mac
011bcef0,openssl,_tls1_mac
011bd100,openssl,_tls1_generate_master_secret
011bd270,openssl,_tls1_alert_code
011bd400,openssl,_ECDH_compute_key
011bd440,openssl,_ECDSA_sign_ex
011bd4b0,openssl,_ECDSA_sign_setup
011bd4f0,openssl,_ECDSA_sign
011bd520,openssl,_DSA_sign
011bd570,openssl,_DSA_sign_setup
011bd580,openssl,_ssl_set_pkey
011bd660,openssl,_SSL_use_PrivateKey
011bd6c0,openssl,_ssl_set_cert
011bd7d0,openssl,_SSL_use_certificate
011bd830,openssl,_X509_certificate_type
011bd900,openssl,_EVP_VerifyFinal
011bd9f0,openssl,_ECDSA_verify
011bda80,openssl,_DSA_verify
011bdaf0,openssl,_EVP_SignFinal
011bdc00,openssl,_final
011bdc40,openssl,_test_sha1_init
011bdc50,openssl,_update
011bdc60,openssl,_final
011bdc90,openssl,_PKCS5_PBE_keyivgen
011bdf60,openssl,_PKCS5_PBE_add
011be020,openssl,_PKCS12_PBE_keyivgen
011be1f0,openssl,_PKCS12_PBE_add
011be2b0,openssl,_cast5_cbc_cipher
011be2e0,openssl,_cast5_cfb64_cipher
011be320,openssl,_cast5_ecb_cipher
011be380,openssl,_cast5_ofb_cipher
011be3f0,openssl,_cast_init_key
011be430,openssl,_desx_cbc_init_key
011be480,openssl,_desx_cbc_cipher
011be4c0,openssl,_SHA224_Init
011be520,openssl,_SHA256_Init
011be580,openssl,_sha256_block
011bfdb0,openssl,_SHA256_Update
011c0350,openssl,_SHA384_Init
011c03f0,openssl,_SHA512_Init
011c0490,openssl,_sha512_block
011c34e0,openssl,_SHA512_Final
011c3980,openssl,_SHA512_Update
011c3a70,openssl,_MD2_Init
011c3ab0,openssl,_md2_block
011c3bf0,openssl,_MD2_Final
011c3c70,openssl,_MD2_Update
011c3d30,openssl,_RC2_encrypt
011c3e60,openssl,_RC2_decrypt
011c3fb0,openssl,_RC2_cbc_encrypt
011c4490,openssl,_RC2_cfb64_encrypt
011c4680,openssl,_RC2_ecb_encrypt
011c4740,openssl,_RC2_ofb64_encrypt
011c4920,openssl,_RC2_set_key
011c4a20,openssl,_DES_ecb3_encrypt
011c4b00,openssl,_DES_ede3_ofb64_encrypt
011c56a0,openssl,_DES_encrypt3
011c57c0,openssl,_DES_decrypt3
011c58e0,openssl,_DES_ncbc_encrypt
011c5db0,openssl,_DES_ede3_cbc_encrypt
011c62a0,openssl,_DES_ede3_cfb64_encrypt
011c64b0,openssl,_DES_ede3_cfb_encrypt
011c6bc0,openssl,_DES_set_odd_parity
011c7210,openssl,_DES_ecb_encrypt
011c72c0,openssl,_DES_ofb64_encrypt
011c74b0,openssl,_DES_cfb64_encrypt
011c7fd0,openssl,_i2d_ASN1_bytes
011c8070,openssl,_bn_sqr_normal
011c8130,openssl,_bn_sqr_recursive
011c82d0,openssl,_BN_sqr
011c8490,openssl,_BN_RECP_CTX_init
011c84c0,openssl,_BN_RECP_CTX_free
011c84f0,openssl,_BN_RECP_CTX_set
011c8540,openssl,_BN_reciprocal
011c85a0,openssl,_BN_div_recp
011c87e0,openssl,_BN_mod_mul_reciprocal
011c8860,openssl,_free_string
011c88b0,openssl,_UI_free
011c88e0,openssl,_general_allocate_prompt
011c8960,openssl,_general_allocate_string
011c89e0,openssl,_UI_add_input_string
011c8a10,openssl,_UI_add_verify_string
011c8a40,openssl,_print_error
011c8aa0,openssl,_UI_process
011c8bc0,openssl,_UI_get_input_flags
011c8bd0,openssl,_UI_get0_action_string
011c8bf0,openssl,_UI_get0_result_string
011c8c10,openssl,_UI_get0_test_string
011c8c30,openssl,_UI_set_result
011c8e10,openssl,_UI_new
011c8ff0,openssl,_ASN1_GENERALIZEDTIME_set
011c9210,openssl,_ASN1_UTCTIME_set
011c9300,openssl,_OPENSSL_gmtime
011c9330,openssl,_ec_pre_comp_new
011c9390,openssl,_ec_pre_comp_dup
011c93b0,openssl,_ec_pre_comp_free
011c9410,openssl,_ec_pre_comp_clear_free
011c9490,openssl,_compute_wNAF
011c9630,openssl,_ec_wNAF_mul
011c9fc0,openssl,_ec_wNAF_precompute_mult
011ca3d0,openssl,_ec_wNAF_have_precompute_mult
011ca410,openssl,_ecdsa_sign_setup
011ca680,openssl,_ecdsa_do_sign
011ca8f0,openssl,_ecdsa_do_verify
011cac20,openssl,_BIO_get_retry_reason
011cac30,openssl,_i2d_ASN1_SET
011cae60,openssl,_BN_mod_exp2_mont
011cb490,openssl,_gf2m_Mdouble
011cb580,openssl,_gf2m_Madd
011cb690,openssl,_gf2m_Mxy
011cb950,openssl,_ec_GF2m_montgomery_point_multiply
011cbc60,openssl,_ec_GF2m_simple_mul
011cbe30,openssl,_bn_GF2m_mul_1x1
011cbfb0,openssl,_BN_GF2m_add
011cc040,openssl,_BN_GF2m_mod_arr
011cc270,openssl,_BN_GF2m_mod_sqr_arr
011cc3d0,openssl,_BN_GF2m_poly2arr
011cc4d0,openssl,_BN_GF2m_mod
011cc570,openssl,_BN_GF2m_mod_mul_arr
011cc7b0,openssl,_BN_GF2m_mod_mul
011cc860,openssl,_BN_GF2m_mod_inv
011cca00,openssl,_BN_GF2m_mod_div
011cca70,openssl,_ec_GFp_mont_group_init
011cca90,openssl,_ec_GFp_mont_group_finish
011ccae0,openssl,_ec_GFp_mont_group_clear_finish
011ccb30,openssl,_ec_GFp_mont_group_copy
011ccc00,openssl,_ec_GFp_mont_group_set_curve
011ccd50,openssl,_ec_GFp_mont_field_mul
011ccda0,openssl,_ec_GFp_mont_field_sqr
011ccde0,openssl,_ec_GFp_mont_field_encode
011cce30,openssl,_ec_GFp_mont_field_decode
011cce70,openssl,_ec_GFp_mont_field_set_to_one
011ccec0,openssl,_ec_GFp_nist_group_copy
011ccef0,openssl,_ec_GFp_nist_group_set_curve
011cd030,openssl,_ec_GFp_nist_field_mul
011cd0f0,openssl,_ec_GFp_nist_field_sqr
011cd1b0,openssl,_tree_link_nodes
011cd240,openssl,_tree_link_any
011cd2f0,openssl,_tree_prune
011cd3d0,openssl,_tree_calculate_authority_set
011cd530,openssl,_tree_calculate_user_set
011cd670,openssl,_tree_evaluate
011cd6e0,openssl,_exnode_free
011cd700,openssl,_X509_policy_tree_free
011cd7a0,openssl,_tree_init
011cda50,openssl,_X509_policy_check
011cdba0,openssl,_ASN1_item_verify
011cdd10,openssl,_asn1_d2i_read_bio
011cdec0,openssl,_ASN1_item_d2i_bio
011cdf20,openssl,_ASN1_item_digest
011cdf80,openssl,_DH_check_pub_key
011ce040,openssl,_PEM_read_bio_X509_AUX
011ce070,openssl,_X509_INFO_new
011ce0c0,openssl,_X509_INFO_free
011ce130,openssl,_PEM_X509_INFO_read_bio
011ce6c0,openssl,_UTF8_getc
011ce970,openssl,_UTF8_putc
011ceb10,openssl,_CONF_parse_list
011cebe0,openssl,_ERR_print_errors_cb
011cecf0,openssl,_ASN1_tag2str
011ced30,openssl,_def_create
011cedd0,openssl,_def_destroy_data
011cedf0,openssl,_str_copy
011cf160,openssl,_eat_ws
011cf190,openssl,_eat_alpha_numeric
011cf1c0,openssl,_scan_quote
011cf210,openssl,_dump_value_LHASH_DOALL_ARG
011cf250,openssl,_def_dump
011cf270,openssl,_def_is_number
011cf290,openssl,_def_to_int
011cf2a0,openssl,_def_destroy
011cf2d0,openssl,_clear_comments
011cf910,openssl,_def_load
011cf990,openssl,__CONF_get_section
011cf9d0,openssl,__CONF_get_section_values
011cfa10,openssl,__CONF_add_string
011cfa80,openssl,__CONF_get_string
011cfb50,openssl,_value_free_stack
011cfbc0,openssl,_hash
011cfbf0,openssl,_cmp_conf
011cfc80,openssl,__CONF_new_section
011cfd30,openssl,_value_free_hash_LHASH_DOALL_ARG
011cfd50,openssl,_value_free_stack_LHASH_DOALL_ARG
011cfd60,openssl,__CONF_new_data
011cfda0,openssl,__CONF_free_data
011cfdf0,openssl,_HMAC_Init_ex
011cffb0,openssl,_HMAC_Update
011cffc0,openssl,_HMAC_Final
011d0040,openssl,_HMAC_CTX_init
011d0070,openssl,_HMAC_CTX_cleanup
011d00b0,openssl,_HMAC
011d01c0,openssl,_ECDH_DATA_new_method
011d0270,openssl,_ecdh_data_dup
011d0290,openssl,_ecdh_data_free
011d02d0,openssl,_ecdh_check
011d03a0,openssl,_ripemd160_block_host_order
011d2330,openssl,_sha_block_host_order
011d4a00,openssl,_sha_block_data_order
011d7530,openssl,_SHA_Update
011d7980,openssl,_PKCS5_PBKDF2_HMAC_SHA1
011d7b50,openssl,_PKCS5_v2_PBE_keyivgen
011d7de0,openssl,_PKCS12_key_gen_uni
011d8190,openssl,_PKCS12_key_gen_asc
011d8230,openssl,_CAST_encrypt
011d8700,openssl,_CAST_decrypt
011d8bd0,openssl,_CAST_cbc_encrypt
011d90c0,openssl,_CAST_cfb64_encrypt
011d92c0,openssl,_CAST_ecb_encrypt
011d9380,openssl,_CAST_ofb64_encrypt
011d9570,openssl,_CAST_set_key
011da930,openssl,_DES_xcbc_encrypt
011daef0,openssl,_write_string
011daf40,openssl,_read_till_nl
011daf90,openssl,_open_console
011db010,openssl,_close_console
011db0c0,openssl,_recsig
011db0d0,openssl,_noecho_fgets
011db190,openssl,_read_string_inner
011db2e0,openssl,_read_string
011db460,openssl,_ec_GFp_simple_group_init
011db4a0,openssl,_ec_GFp_simple_group_clear_finish
011db4d0,openssl,_ec_GFp_simple_group_copy
011db540,openssl,_ec_GFp_simple_group_set_curve
011db6d0,openssl,_ec_GFp_simple_group_get_curve
011db7d0,openssl,_ec_GFp_simple_group_get_degree
011db7e0,openssl,_ec_GFp_simple_group_check_discriminant
011db9b0,openssl,_ec_GFp_simple_point_init
011db9f0,openssl,_ec_GF2m_simple_point_finish
011dba20,openssl,_ec_GFp_simple_set_Jprojective_coordinates_GFp
011dbb70,openssl,_ec_GFp_simple_get_Jprojective_coordinates_GFp
011dbc80,openssl,_ec_GFp_simple_point_set_affine_coordinates
011dbcd0,openssl,_ec_GFp_simple_point_get_affine_coordinates
011dbf60,openssl,_ec_GFp_simple_set_compressed_coordinates
011dc2c0,openssl,_ec_GFp_simple_point2oct
011dc560,openssl,_ec_GFp_simple_oct2point
011dc7b0,openssl,_ec_GFp_simple_add
011dccf0,openssl,_ec_GFp_simple_dbl
011dd100,openssl,_ec_GFp_simple_invert
011dd140,openssl,_ec_GF2m_simple_is_at_infinity
011dd150,openssl,_ec_GFp_simple_is_on_curve
011dd3c0,openssl,_ec_GFp_simple_cmp
011dd650,openssl,_ec_GFp_simple_make_affine
011dd740,openssl,_ec_GFp_simple_points_make_affine
011ddb60,openssl,_ec_GFp_simple_field_mul
011ddb90,openssl,_ec_GFp_simple_field_sqr
011ddc00,openssl,_nist_cp_bn_0
011ddc30,openssl,_BN_nist_mod_192
011dde60,openssl,_BN_nist_mod_224
011deb60,openssl,_BN_nist_mod_521
011decd0,openssl,_node_cmp
011ded10,openssl,_tree_find_sk
011ded60,openssl,_level_find_node
011dedc0,openssl,_level_add_node
011dee90,openssl,_X509_policy_tree_get0_user_policies
011deeb0,openssl,_X509_PKEY_new
011def30,openssl,_X509_PKEY_free
011defb0,openssl,_DSO_convert_filename
011df080,openssl,_ecdh_compute_key
011df380,openssl,_asc2uni
011df400,openssl,_BN_kronecker
011df670,openssl,_BN_mod_sqrt
011dfd60,openssl,_win32_load
011dfe40,openssl,_win32_unload
011dfee0,openssl,_win32_bind_var
011dffa0,openssl,_win32_bind_func
011e0060,openssl,_win32_splitter
011e0260,openssl,_win32_name_converter
011e0320,openssl,_win32_joiner
011e0560,openssl,_win32_merger
011e06e0,crt,__allshl
011e0700,crt,__chkstk
011e074a,crt,__onexit
011e07ef,crt,_atexit
011e0819,crt,__ftol2_pentium4
011e082c,crt,__ftol2_sse_excpt
011e0846,crt,__ftol2
011e08d0,crt,__aullshr
011e0918,crt,??_Etype_info@@UAEPAXI@Z
011e0970,crt,__aulldiv
011e09e0,crt,__alldiv
011e0a90,crt,__allmul
011e0ac4,crt,?__ArrayUnwind@@YGXPAXIHP6EX0@Z@Z
011e0b22,crt,??_M@YGXPAXIHP6EX0@Z@Z
011e0b85,crt,??_L@YGXPAXIHP6EX0@Z1@Z
011e0bf6,crt,??__C@YGXPAX0IHP6EX00@ZP6EX0@Z@Z
011e0c80,crt,__alloca_probe_16
011e0cc0,crt,__aulldvrm
011e0d60,crt,__allrem
011e0e20,crt,__aullrem
011e0e95,crt,_pre_cpp_init
011e0ee0,crt,___tmainCRTStartup
011e11aa,crt,@__security_check_cookie@4
011e11d4,crt,__SEH_prolog4
011e1219,crt,__SEH_epilog4
011e122d,crt,__except_handler4
011e1252,crt,_has_osfxsr_set
011e12a2,crt,__get_sse2_info
011e1318,crt,?__CxxUnhandledExceptionFilter@@YGJPAU_EXCEPTION_POINTERS@@@Z
011e13c0,crt,__ValidateImageBase
011e1400,crt,__FindPESection
011e1450,crt,__IsNonwritableInCurrentImage
011e151a,crt,__setdefaultprecision
011e1548,crt,___security_init_cookie
0120ba70,crt,__alldvrm
